domain,status,detail
mintquant.com,TAKEN,registered
sparkquant.com,TAKEN,registered
forgequant.com,TAKEN,registered
craftquant.com,TAKEN,registered
buildquant.com,TAKEN,registered
shapequant.com,AVAILABLE,not found in registry RDAP
formquant.com,AVAILABLE,not found in registry RDAP
flexquant.com,TAKEN,registered
pulsequant.com,TAKEN,registered
beatquant.com,TAKEN,registered
tidequant.com,TAKEN,registered
zenquant.com,TAKEN,registered
calmquant.com,TAKEN,registered
chillquant.com,TAKEN,registered
vividquant.com,TAKEN,registered
keenquant.com,TAKEN,registered
apexquant.com,TAKEN,registered
peakquant.com,TAKEN,registered
primequant.com,TAKEN,registered
plusquant.com,TAKEN,registered
maxquant.com,TAKEN,registered
megaquant.com,TAKEN,registered
microquant.com,TAKEN,registered
nanoquant.com,TAKEN,registered
atomquant.com,TAKEN,registered
bytequant.com,TAKEN,registered
bitquant.com,TAKEN,registered
codequant.com,TAKEN,registered
logicquant.com,TAKEN,registered
brainquant.com,TAKEN,registered
mindquant.com,TAKEN,registered
thinkquant.com,TAKEN,registered
learnquant.com,TAKEN,registered
growquant.com,TAKEN,registered
risequant.com,TAKEN,registered
shinequant.com,AVAILABLE,not found in registry RDAP
glowquant.com,TAKEN,registered
flashquant.com,TAKEN,registered
blazequant.com,TAKEN,registered
flarequant.com,AVAILABLE,not found in registry RDAP
stormquant.com,TAKEN,registered
thunderquant.com,TAKEN,registered
boltquant.com,TAKEN,registered
arcquant.com,TAKEN,registered
orbitquant.com,TAKEN,registered
starquant.com,TAKEN,registered
novaquant.com,TAKEN,registered
cometquant.com,AVAILABLE,not found in registry RDAP
cosmosquant.com,TAKEN,registered
matrixquant.com,TAKEN,registered
cipherquant.com,TAKEN,registered
vaultquant.com,TAKEN,registered
anchorquant.com,TAKEN,registered
compassquant.com,AVAILABLE,not found in registry RDAP
beaconquant.com,TAKEN,registered
harborquant.com,AVAILABLE,not found in registry RDAP
portquant.com,TAKEN,registered
dockquant.com,AVAILABLE,not found in registry RDAP
bridgequant.com,TAKEN,registered
gatequant.com,TAKEN,registered
keyquant.com,TAKEN,registered
lockquant.com,TAKEN,registered
shieldquant.com,TAKEN,registered
guardquant.com,AVAILABLE,not found in registry RDAP
watchquant.com,TAKEN,registered
scopequant.com,AVAILABLE,not found in registry RDAP
lensquant.com,TAKEN,registered
focusquant.com,TAKEN,registered
visionquant.com,TAKEN,registered
viewquant.com,TAKEN,registered
sightquant.com,AVAILABLE,not found in registry RDAP
insightquant.com,TAKEN,registered
clarityquant.com,TAKEN,registered
truthquant.com,AVAILABLE,not found in registry RDAP
factquant.com,AVAILABLE,not found in registry RDAP
proofquant.com,TAKEN,registered
signalquant.com,TAKEN,registered
rhythmquant.com,AVAILABLE,not found in registry RDAP
tempoquant.com,AVAILABLE,not found in registry RDAP
tunequant.com,AVAILABLE,not found in registry RDAP
echoquant.com,TAKEN,registered
voicequant.com,AVAILABLE,not found in registry RDAP
tonequant.com,AVAILABLE,not found in registry RDAP
versequant.com,AVAILABLE,not found in registry RDAP
storyquant.com,TAKEN,registered
talequant.com,TAKEN,registered
mythquant.com,TAKEN,registered
legendquant.com,AVAILABLE,not found in registry RDAP
sagaquant.com,TAKEN,registered
epicquant.com,TAKEN,registered
questquant.com,TAKEN,registered
journeyquant.com,TAKEN,registered
trailquant.com,TAKEN,registered
routequant.com,AVAILABLE,not found in registry RDAP
roadquant.com,TAKEN,registered
wayquant.com,TAKEN,registered
trackquant.com,TAKEN,registered
lanequant.com,TAKEN,registered
nestquant.com,TAKEN,registered
riverquant.com,TAKEN,registered
oceanquant.com,TAKEN,registered
dawnquant.com,TAKEN,registered
duskquant.com,AVAILABLE,not found in registry RDAP
nightquant.com,TAKEN,registered
moonquant.com,TAKEN,registered
sunquant.com,TAKEN,registered
